method,metric,seed,value
MARI,reloc_per_update,100,0.0246974873357007
MARI,verify_per_result,100,1.005432426228672
MARI,scan_per_result,100,1.2280853885587493
ART,reloc_per_update,100,0.9903166666666666
ART,verify_per_result,100,0.0
ART,scan_per_result,100,5.939325154938917
PGM,reloc_per_update,100,0.9903166666666666
PGM,verify_per_result,100,1.3779234359458288
PGM,scan_per_result,100,1.3779234359458288
Bx,reloc_per_update,100,0.9903166666666666
Bx,verify_per_result,100,6.98992578234589
Bx,scan_per_result,100,6.98992578234589
MARI,reloc_per_update,101,0.024392911835484577
MARI,verify_per_result,101,1.0045620921967005
MARI,scan_per_result,101,1.2160893321309214
ART,reloc_per_update,101,0.9903833333333333
ART,verify_per_result,101,0.0
ART,scan_per_result,101,6.193464537690308
PGM,reloc_per_update,101,0.9903833333333333
PGM,verify_per_result,101,1.3827913638533764
PGM,scan_per_result,101,1.3827913638533764
Bx,reloc_per_update,101,0.9903833333333333
Bx,verify_per_result,101,7.010238183650735
Bx,scan_per_result,101,7.010238183650735
MARI,reloc_per_update,102,0.024231151211136736
MARI,verify_per_result,102,1.005030941471019
MARI,scan_per_result,102,1.2298171855071094
ART,reloc_per_update,102,0.9901166666666666
ART,verify_per_result,102,0.0
ART,scan_per_result,102,5.916434408805329
PGM,reloc_per_update,102,0.9901166666666666
PGM,verify_per_result,102,1.381737446265766
PGM,scan_per_result,102,1.381737446265766
Bx,reloc_per_update,102,0.9901166666666666
Bx,verify_per_result,102,6.9384713496150034
Bx,scan_per_result,102,6.9384713496150034
MARI,reloc_per_update,103,0.024309792075125587
MARI,verify_per_result,103,1.0045897488073436
MARI,scan_per_result,103,1.203441181125506
ART,reloc_per_update,103,0.9903416666666667
ART,verify_per_result,103,0.0
ART,scan_per_result,103,5.624929344999887
PGM,reloc_per_update,103,0.9903416666666667
PGM,verify_per_result,103,1.3794569174071312
PGM,scan_per_result,103,1.3794569174071312
Bx,reloc_per_update,103,0.9903416666666667
Bx,verify_per_result,103,6.8845553822152885
Bx,scan_per_result,103,6.8845553822152885
MARI,reloc_per_update,104,0.024639498960376455
MARI,verify_per_result,104,1.0068833969149114
MARI,scan_per_result,104,1.23961270525792
ART,reloc_per_update,104,0.9899416666666667
ART,verify_per_result,104,0.0
ART,scan_per_result,104,5.191636258085918
PGM,reloc_per_update,104,0.9899416666666667
PGM,verify_per_result,104,1.378752695306021
PGM,scan_per_result,104,1.378752695306021
Bx,reloc_per_update,104,0.9899416666666667
Bx,verify_per_result,104,6.808695471885885
Bx,scan_per_result,104,6.808695471885885
MARI,reloc_per_update,105,0.024299537231804797
MARI,verify_per_result,105,1.0046520382919222
MARI,scan_per_result,105,1.2133215015596428
ART,reloc_per_update,105,0.9904166666666666
ART,verify_per_result,105,0.0
ART,scan_per_result,105,6.180461439173927
PGM,reloc_per_update,105,0.9904166666666666
PGM,verify_per_result,105,1.3867645477035604
PGM,scan_per_result,105,1.3867645477035604
Bx,reloc_per_update,105,0.9904166666666666
Bx,verify_per_result,105,7.008201570399054
Bx,scan_per_result,105,7.008201570399054
MARI,reloc_per_update,106,0.024208002019437083
MARI,verify_per_result,106,1.0039422426462012
MARI,scan_per_result,106,1.220252396836875
ART,reloc_per_update,106,0.990375
ART,verify_per_result,106,0.0
ART,scan_per_result,106,5.910751358790734
PGM,reloc_per_update,106,0.990375
PGM,verify_per_result,106,1.3847068977582868
PGM,scan_per_result,106,1.3847068977582868
Bx,reloc_per_update,106,0.990375
Bx,verify_per_result,106,6.933635027642352
Bx,scan_per_result,106,6.933635027642352
MARI,reloc_per_update,107,0.024341811878938822
MARI,verify_per_result,107,1.0052884393330561
MARI,scan_per_result,107,1.221490924206734
ART,reloc_per_update,107,0.9904083333333333
ART,verify_per_result,107,0.0
ART,scan_per_result,107,5.686342432220221
PGM,reloc_per_update,107,0.9904083333333333
PGM,verify_per_result,107,1.3828691515403446
PGM,scan_per_result,107,1.3828691515403446
Bx,reloc_per_update,107,0.9904083333333333
Bx,verify_per_result,107,6.949332594337444
Bx,scan_per_result,107,6.949332594337444
MARI,reloc_per_update,108,0.024440535604575025
MARI,verify_per_result,108,1.0058394865112688
MARI,scan_per_result,108,1.2409391438637132
ART,reloc_per_update,108,0.9901583333333334
ART,verify_per_result,108,0.0
ART,scan_per_result,108,5.895323584769075
PGM,reloc_per_update,108,0.9901583333333334
PGM,verify_per_result,108,1.380652478162251
PGM,scan_per_result,108,1.380652478162251
Bx,reloc_per_update,108,0.9901583333333334
Bx,verify_per_result,108,6.932001351286135
Bx,scan_per_result,108,6.932001351286135
MARI,reloc_per_update,109,0.0242358960549347
MARI,verify_per_result,109,1.004330672954834
MARI,scan_per_result,109,1.1939053147106837
ART,reloc_per_update,109,0.9902666666666666
ART,verify_per_result,109,0.0
ART,scan_per_result,109,5.657309994558316
PGM,reloc_per_update,109,0.9902666666666666
PGM,verify_per_result,109,1.3811445673861782
PGM,scan_per_result,109,1.3811445673861782
Bx,reloc_per_update,109,0.9902666666666666
Bx,verify_per_result,109,6.907514057681843
Bx,scan_per_result,109,6.907514057681843
MARI,reloc_per_update,110,0.024332783630060917
MARI,verify_per_result,110,1.0060373216245884
MARI,scan_per_result,110,1.2081046469081596
ART,reloc_per_update,110,0.9904333333333334
ART,verify_per_result,110,0.0
ART,scan_per_result,110,5.461123307720453
PGM,reloc_per_update,110,0.9904333333333334
PGM,verify_per_result,110,1.382706732528357
PGM,scan_per_result,110,1.382706732528357
Bx,reloc_per_update,110,0.9904333333333334
Bx,verify_per_result,110,6.880351262349067
Bx,scan_per_result,110,6.880351262349067
MARI,reloc_per_update,111,0.024616290315798327
MARI,verify_per_result,111,1.0055081370205987
MARI,scan_per_result,111,1.2083077273244567
ART,reloc_per_update,111,0.990875
ART,verify_per_result,111,0.0
ART,scan_per_result,111,5.642744964151587
PGM,reloc_per_update,111,0.990875
PGM,verify_per_result,111,1.3847274382610675
PGM,scan_per_result,111,1.3847274382610675
Bx,reloc_per_update,111,0.990875
Bx,verify_per_result,111,6.898167747809263
Bx,scan_per_result,111,6.898167747809263
